set_id,reference_id,candidate_id,classification
1521,hLQl3WQQoQ0,xarSysw9xJs,Match
1035,viCAspgEqAI,hFE2SnliiV0,Cover
1211,309wQ9P92G8,KXo54Z2Rgxg,Cover
3735,JY8_zZTi3-M,P4SvuMCe4eo,
4998,0JvqjH7dprs,m0-f6OmBCL0,
794,qI8OrzvrrK8,-FjofYzWEiA,
1035,UUGp80B6tQE,xzvDhkBnC_8,
3100,5wfFc8Lko1U,4tDslyvh3g4,
63,5EN4MulDX_A,h3bk0rI53z0,
484,Th6ScZNplNk,6U19JFtMqrg,
4931,FagyCbfUxT0,eUYy1JcTHBc,
667,1jnCyHvyR9M,lAPhD2u1RWA,
2619,A5qKWVZjRY8,ZILsHowUjpQ,
96,MpYfgsJWaEQ,UL6ZXRGWp30,
3436,XSvGdfOfLFw,pWLhdP6KT3c,
2666,J46ohNSbX0g,_KiU5P4ihIQ,
3735,LouvpIpr-Tk,P4SvuMCe4eo,
3828,czx0dQe-3uk,maBDUEPla20,
724,sbVbN-Q2i5I,A_fdMTa4ksA,
629,76km_oD-K6k,L3hgWdYEA4I,
1976,f_j-P2cLYQw,47jiJBPYaU4,
1536,XrnA5vJ8zkU,EbgzOm6FHxY,
4148,HvPcFFDZDYY,k4-XldJw1vw,
1928,oBIxScJ5rlY,7PYJnaZ9UMg,
1944,hB0mQ2djg10,h2mWpkRmqgw,
694,87LwIu7DV1U,UX25exUP5gA,
369,AznNDSiGpm0,h7BzEdq7FQU,
3100,MnIR27IAwig,KlRL9uPQNUE,
21,nzLGCMouCKg,sRdJQRIEslQ,
96,fzg35tw_3OE,r3Lh8yRIfSw,
624,XfbuE6wCLBw,SdqMB1GEQAM,
1205,Ef-qwEiPcns,UdFDs_aEoJw,
1928,Er8NyV8OFPw,2R5lcZFWEwg,
1035,ViZM2BrvIL0,ngJnaMIVXnY,
350,Knc89S8zREY,nL1l0Fz5RlE,
484,hGVusl495p0,1m7d4Lb0S3Y,
724,hbsGYe-aC_k,23aMR3FUYtA,
369,aHSqObbCjsI,Mb3iPP-tHdA,
2618,ruANcVDV-Kw,0snLRRnZHMw,
157,IjnpdsD3KQo,byd6klReNLQ,
369,2OV_63xmeMg,FI8d36w_ijw,
667,QaoH6SicBHw,TfK6UIvrbuo,
2156,932aH-JL2Zo,CKLGzAce3bQ,
1521,Ib0_TlSkKAQ,QHpU0ZfXZ_g,
1976,U6vp1EMnqho,47jiJBPYaU4,
4951,6l5WvxI0JoI,HG_vsGC1e6U,
3909,8U-59w7Lj5c,MIUkUGYJW-Q,
1474,TF3z8AEFzFQ,bsoiupLME-w,
1848,CfuSqpk4h6Y,Tw4TXPjr1no,
1035,iOBg3MUQcPM,9hSKBxHhS5E,
1474,K-7amMea468,K6mMmGIs53I,
1205,eoWUC0hoKh4,mynby0TLbRI,
2023,-cwuXDZFbe0,fMtGunlMBps,
2195,SatLuNPqFzc,lUjWJSnGVB0,
2487,M9F7Cr0M0r4,QKPGbEeuywc,
922,KuiXhlgK9UE,1njqleVTIds,
897,p8k3XN26Ozc,oyiWQ3l66Nk,
81,vQWhz1PwqEY,hdSuigNFZKI,
2273,xFGTBvyROsc,ZRt9Sn6Jiuc,
1210,TKy8-F5_jvc,xNOZMufoYJ4,
348,dWJTaiyXoEw,-nzna-QPmqM,
3558,z5fNGTb1sfY,QgD5p1XiVT0,
922,ngyyzRvm-eI,-0uJrr1iyUw,
3558,jLZeSosmo3E,Wf8EgOStUXI,
3218,yktngZL0-zo,U7s-EH1Bmbk,
922,8MUwBrHK85g,-0uJrr1iyUw,
1397,RO2Hlkoj5Dw,7iCLYZeodV4,
369,a4YSlsLMp6I,LLO2wwPSk8A,
1280,JEpTY0fKUS0,sGT5kHpmH78,
1332,nSPr98D0rFk,bsRNCvHXHHU,
3218,53f891DLz28,nmWQww7hfEM,
4504,5jxmWYm6wHc,3MteSlpxCpo,
1848,oq7iVFTMM7c,Tw4TXPjr1no,
1280,zMV7imba_JU,sGT5kHpmH78,
81,jb9-knf0KSE,g1QwFChSu5g,
157,GRJqA8Dj5WU,kPi-MOxR0l4,
3558,Erut73puwSE,BVzwkn_ilwA,
1210,XcqPcMqmmgs,xNOZMufoYJ4,
96,Qce_YvapQ2c,0IagRZBvLtw,
4931,D2da0E43bw0,jskyqPEIiG4,
2215,_07uTPYPjLQ,JBWQqWxTNQk,
3100,1BZTASZKQv8,4tDslyvh3g4,
1280,C_LeIbkFfLU,tOcJBHLIPpQ,
1211,snItFJlBtTc,6XMcFq4DGao,
1205,FMMlAbeEnK0,qrrJTlmpfso,
629,f-fR9O9V-l4,U8CcMge_tN8,
1280,hJBIzi4oPFc,-I5TNfYtUw0,
63,ls1hqFJWUeU,h3bk0rI53z0,
1205,hIENZmhge4E,HB3k4wAAAQU,
484,s1BPpYgqDFo,REoCtGPIOjs,
3952,q0nxAKRpgj4,QlN2QoOyU2w,
3016,rL8XiZrvG3k,QE91rEmsTeU,
484,Hb2rZRPnM2k,Tcm_LxkNdOk,
1397,L0QAxIKf8G4,AwftCFNGBQA,
21,39kZvnmAMYU,Hc-V4NTOn5s,
1393,X4jzCxj8o-I,8o2MGRsatwQ,
2858,IWe9JGBurFw,i8ye4KmU09Q,
4931,--kc3CC1VIY,hKDxvVom64c,
1397,2yx_pO1uAiQ,qPseJvXVVfo,
369,Xw4JvBLY7ec,LLO2wwPSk8A,
157,3UV1CtIUOmU,byd6klReNLQ,
3558,9I3JX5nqnWc,U9yslccmuzQ,
794,8kAU3B9Pi_U,-FjofYzWEiA,
724,R0ykLlhg0AQ,A_fdMTa4ksA,
214,e1lCrhnpohQ,qXa1CR8f3W8,
2447,tVHdESbXV2o,Ar30KyQFnIc,
3913,eWZqLUx-V58,iqb2zGGvEsI,
4844,1ryn-psGgR4,92NO5Qx3FsE,
4237,WLQB2lHvtqA,z6xyrv-rpfk,
1332,IT6AyVJhH4s,V2vCr4rV9ik,
484,psyg1nPT0g8,ub8rPHBXd20,
1035,95ckuKJlsoM,Fqsxc1bAUEo,
2195,begkywcLixE,lUjWJSnGVB0,
1680,AwkQKk88KUE,T9MHIUcP9ho,
1333,f3dW5F6GKTs,LVqs3McHlZw,
157,Bvr0aCj2CPI,9TBbiT1BbNU,
3828,zb51S5oZbeM,7yrnF_lkv7Y,
1944,QQ8Jz8Flw5Q,1w7OgIMMRc4,
3005,KxquNW8ZEDk,vGD8aQ2GKr0,
369,aZWaUzZkdys,B2Ux8fZmUJg,
1205,m1MbRPucG7s,UdFDs_aEoJw,
5159,mZcU5PaKIYc,ycrhIpd4ZWU,
3990,Ib1MQ--9hWw,C9iDBkJqxNg,
4504,XPfC1smno-c,T5Cp55MvX54,
58,znRj32WoJzY,DfXYIZ_pDcA,
3146,Mb6A23oV9yU,Hy70q_awGUk,
794,gNSgyHvqiEY,WL6LEnbK6Fs,
3100,0W56fvATRKU,W1PNvopXjbg,
3952,WKuQrBWs5jM,QlN2QoOyU2w,
2195,4kbgy1CS-bY,zMBUYvwgQmo,
4148,Fp8kmh7tVTg,On7wzvhsuxs,
4504,jPeZ-Rz5MqE,Bf8Tda6rmi4,
667,Go3A_C54iAY,KajCpahZdHg,
3558,zNZ24r8P3gI,W5Tc-o9SWcU,
897,F4z9CezdDQw,n3SfufW6D74,
3558,TGitxBwK5yQ,U9yslccmuzQ,
484,eMmqfZCdvsw,6U19JFtMqrg,
3828,Ll4NJs3NBIU,maBDUEPla20,
484,K7ePFxSOn54,y2ZY-JXOIp8,
724,kUw9Ej5VLnM,C7m8Pi-UeHY,
2858,nSHDExdMI_k,DA8KR0Qo8R8,
2215,S9D9sojGovI,COwkCW38J54,
3828,kRSQfBPZxts,VCTOpdlZJ8U,
3972,UhRjvYO-WsI,kY7RhOjnPuU,
667,UBGNXM2iR0A,FvfBlCUyDx8,
157,uI6zz2R3rAY,tOkYMw5-ZMg,
3436,NoaF0h0rpC4,SinNvC5t7ks,
4844,zAG3e4_FYV0,92NO5Qx3FsE,
3780,MT3EpL7b5s4,JmENgrVOwgA,
1035,ZzmYXXD9OcA,6pHNkOQCIzk,
3436,sENM2wA_FTg,4bAgETAkWm4,
624,o8pQLtHTPaI,Tr-ex1_FDsg,
1004,ek8Q3Pm_MdM,hTWKbfoikeg,
3558,-vdat-FdzqM,QgD5p1XiVT0,
2487,CYL5_adBr3U,hF9Gr5waAJg,
724,uYefdA9kdcI,ZO3aOWTm_m4,
3039,2-jWwkpPMcs,J-sqREDbDJY,
624,8Bo7TVZAwTw,7R7kPZF8wRA,
369,trY-KRB_GjQ,kiYqPSDA9BQ,
1004,5Wc4fVJm_cY,ZA8H_Mnfilw,
5395,NhsvEfRRFls,Btjdpj_Vr1s,
2195,QOdU38kcfbg,dHtwZ07N1ic,
1035,nV5dvW9e6a0,5S8n1Xr_TjQ,
484,-bZv0nxHya0,ZwBF3LgomsE,
1680,IrdILAx8lOg,X-Ziw_TwXrM,
3558,YFbNfunj-cw,U9yslccmuzQ,
1280,7EA93mQrVCw,UPWM8pKEK08,
4931,ToP82VUjrNU,l7iUzUxQ2OQ,
484,bEDb0CPdjpA,ZwBF3LgomsE,
3828,vR0Zsf0A9nY,qrO4YZeyl0I,
157,32PspXi_baU,sRIhVNyh8k8,
2286,RH5meWdC4zE,H1b7e_1Jbn8,
487,1kcFKKX4wWI,9cHHEnJWui8,
3100,j93yCb5WXN0,W1PNvopXjbg,
4931,3JnxmI1ojYc,aE2GCa-_nyU,
3828,HguyDILQPOo,VCTOpdlZJ8U,
2487,x-64CaD8GXw,9EB5a_08fpc,
1280,hyEODBdYF2w,eWD2kdu0H54,
4504,VQ-DUoQVpAU,5NV6Rdv1a3I,
3100,4Aowwm3yT0c,4tDslyvh3g4,
1004,4kjo0wkVhw8,h2YkdnrM3aw,
3484,vVErTf-ajY8,MNcQnf7SL-A,
2156,_TZDo1Raoz4,w_IXDSdoCpQ,
3484,HkDxSQJVL8A,MNcQnf7SL-A,
4931,4VRXUfEZnic,hKDxvVom64c,
4148,wNhSXtnQnsk,pSjr6ixi4ik,
667,96jQ91ZRL5Q,lJX-xDdOA_8,
624,Pbw8o3HJLcU,1s1Sc_FeE4s,
667,daCLwmNe6E8,TLV4_xaYynY,
2023,i6H2iUMqhSY,_A7I7cq72qg,
4806,lvm2Ij7cJBw,KjE04XWfmj0,
3913,Q148HnOoE-k,F6-W88HMqCk,
2629,f6XVXravOlQ,gFzHv53UVXI,
624,Xnu61JbAVvQ,SdqMB1GEQAM,
1211,TEKwGILdh0g,xFDIrwOUdrw,
157,XpdpW0z9xnQ,byd6klReNLQ,
667,SToVqDUPWVA,TLV4_xaYynY,
2917,xnmYY2jABQQ,po9_BSa3Rsk,
1976,mP60PiCDxLI,u925g6CgKuw,
484,3tKSBlnRllw,NZacSRcdN88,
1520,nuMQbSyRZ9w,_tqFmwYCJM4,
3735,zQ7bamwANgA,GJ_2KXRhtWI,
487,3XKcwzoqx_0,9HglphdXqMg,
3218,pRKc_XviXvo,IR_JTuxCDzg,
2618,EPNAGV00HMI,0snLRRnZHMw,
5159,HJs3O7rb9zY,ZnQs5U30Zco,
96,pmZ9g5PvcXA,RKLLW4Sl0JY,
3972,1H6xw0B3phU,WN7mdpRUTsA,
2195,naNlARdNp9Y,rYEDA3JcQqw,
2215,LQCooL_q91k,JBWQqWxTNQk,
1928,B3FaLdpw2Gs,2R5lcZFWEwg,
2858,D5bIw_tkigc,DA8KR0Qo8R8,
3016,jxOJWkLsZaQ,7iZwHjfev-o,
1521,nGkDuSD5-KQ,mtJH2bMesfc,
1297,cgQ8s0KfJX8,NxmFohOvuYA,
794,gXYtephcSxE,WL6LEnbK6Fs,
63,twMRHYKT-Yc,OHie_ZBRBtk,
629,8N2k-gv6xNE,3uRFYBeUck8,
81,zX4OfLQr-_c,svVeCQeCG98,
624,KbtpAvwR738,hFdZRsMIVFY,
1944,pkFlm3kZLos,1w7OgIMMRc4,
4931,9oF-TYwArTQ,8pQBjaqTJA4,
3558,oY5uiQZuA_0,dApr9iHh3yk,
2156,aV9wXC7b9k4,CKLGzAce3bQ,
1385,R4UAVEYuvo4,7J7nupeeI2M,
1035,95ckuKJlsoM,5S8n1Xr_TjQ,
1385,HsYOluIbTyk,9-n3Ydy7ras,
4148,E98imd2XPaA,k4-XldJw1vw,
3828,EFCZv2YQHcg,5yEBs3IcOac,
724,-rey3m8SWQI,A_fdMTa4ksA,
667,4cm11XW_cfM,2LXeH0xWBLY,
1004,JF0t9HQUb54,h2YkdnrM3aw,
1333,ewIgbohFuJU,MY_euI5-gI8,
3909,K8rIgvZM6DA,9RTklYOj6Hk,
4148,6qLp2P1nyAI,t9ilBHkH9Io,
63,3xhxsoXsBEY,uhWb-Avb9Yc,
3100,OCdl3T_rc2o,KlRL9uPQNUE,
3952,pqK-J9S2GXs,Xl91P2BCjks,
58,UhWdLpVWerQ,DfXYIZ_pDcA,
3436,ugG_OZKgmD0,SinNvC5t7ks,
2195,Rm34Pd38PiE,zMBUYvwgQmo,
96,DGABqdbtQnA,OvYZMqQffQE,
1210,cCJYCrg90Pk,qKggnBh2Mdw,
2286,bixjWg1yBos,H1b7e_1Jbn8,
1297,HjCRM8yh9ww,NxmFohOvuYA,
5159,7HqxdGQLQYA,c2fh4LiN2Ww,
3558,eDr5nmZTXmI,qZuhOLQWkjc,
3016,PcOb_tn-nKs,R0HUOfpQI_g,
3558,xod1qicCXMg,nlcIKh6sBtc,
922,q20b0LFm2Xc,1njqleVTIds,
1680,spQieYO9u1s,129kuDCQtHs,
1280,6TGfCYWFr2g,rwIaWrVuvMQ,
5395,RBZ6cqYTU_U,Btjdpj_Vr1s,
4504,mPhItM7J3r8,9vmrPrYJPqI,
4504,TNbn-jEoNrA,GEzBuvHZAKM,
1035,4kJ5KgwfKf4,Fqsxc1bAUEo,
1385,AWTop8BP3BY,fm_Ij1yMTj0,
1280,X__HzHb9m2k,UPWM8pKEK08,
3521,STG7w6h1IrM,xL5spALs-eA,
214,2Xyb-MdQWhk,HDeTEMNLcmc,
1520,Pwk6s1uGlOY,BvA_3t0sbIY,
4148,rajSsjgEfEE,k4-XldJw1vw,
487,XRfIW2g2U_k,aiKFdR48pRA,
214,fvIW9vPzXj8,cpD5695Kfis,
3039,osrSKWIGkvU,J-sqREDbDJY,
1035,T8g86x4q4xk,Fqsxc1bAUEo,
3828,raX2ktgcgRc,M8PAuvxCZuM,
624,Zngpj3db4TI,Tr-ex1_FDsg,
1520,i__nzYl4BLE,BvA_3t0sbIY,
1928,JbcwrCjqC4M,MmZHsqhvZII,
1009,sd2vVhYkoBM,fJ9rUzIMcZQ,
629,CTo_oCSf-3Y,mogsEYrHUvM,
1680,epT3EfhUgWw,129kuDCQtHs,
3558,X3ZAfpk7NKg,E9XQ2MdNgKY,
3039,K7ghM1UlpTE,J-sqREDbDJY,
1385,5YIF1C6agJ8,b0QHmsa26C0,
3016,DNa8ptpLSSY,7ScVsf8JZSY,
3558,C2MaxGpxhF4,h8py788Vs80,
157,Glny4jSciVI,-Qhw2XpKR-A,
1332,6ZAYi4eJ-iQ,Y-z56yD6baY,
1928,3umY7fdbqxw,2R5lcZFWEwg,
4931,JrumnHX2myw,jskyqPEIiG4,
1333,l7np7bnbrI0,OUgIUzr2QiU,
369,7JKTkom_EBw,d-SMj2Im6c0,
4931,CH0XXMcUZgc,RCWBxxEJiGc,
3913,BDlPKl0-dks,3Q0T-k-_r9I,
3005,KQ6gIigLaIs,t5K32taFIMg,
3828,U9yelq5Gw9c,l4biHuhOkrs,
1241,FAWsnZU5gYA,T5UJFV8b42s,
897,IGSuJGdEq38,n3SfufW6D74,
1385,sMtx1ElG_0w,fm_Ij1yMTj0,
1009,EdnAIeHaBK0,Jl6oJTB4TpA,
3100,st3GyEZrUZA,4tDslyvh3g4,
4931,VofLCCk_nT0,P6qFCqOy3HU,
4504,vRbNwjnweIA,ucj7PI3jFz4,
1928,LdgEGCApw8g,7PYJnaZ9UMg,
1521,bpszIdtcWQc,djV11Xbc914,
2195,xKFtN6bc94M,lUjWJSnGVB0,
1520,ERxkUyS1NN4,BvA_3t0sbIY,
3792,v3L8NOEwf9Q,7pCu8r1Vzrc,
1035,nV5dvW9e6a0,9hSKBxHhS5E,
922,9DeCbl1wF4I,XqBWvmhS-AY,
81,orzZG-bwQSI,K8OnxLxfOXs,
4148,81drClG4uTY,On7wzvhsuxs,
1520,HZWbF4LTVbI,dvGY-dUyMfU,
667,luaP5cAmGwk,6qXxOSYZi7U,
1035,331Q5B82tNs,xzvDhkBnC_8,
724,OV5_LQArLa0,9nPZE2DCZpY,
3913,khmwCFBWSx0,3Q0T-k-_r9I,
724,Cv24lUNaPoU,A_fdMTa4ksA,
3828,G8bOReJUwgo,5yEBs3IcOac,
2447,iMp6Dyb-MMY,z4KBGn2r0yY,
369,JqqjgPA_1v8,B2Ux8fZmUJg,
3521,4wtnjEPOIqk,8AT_Pbtyid0,
484,xXh_WpZxn2A,NZacSRcdN88,
4148,nyb-4RCvcgw,t9ilBHkH9Io,
369,FpPlgAPwECs,yxIbJv4LI74,
1397,1SaFJSEKJDY,7iCLYZeodV4,
1211,U9Gdlr_3eWg,inNXc4eqcWk,
1035,k4Ycg_X-GHU,vWfNvJ6TTjs,
1205,70GCKGaIyI4,ERxTaENbRdY,
1241,8oYMe0cfXp8,qwf6HOuh38o,
369,hAOz3HyuBaM,L7k_WV17hy8,
2023,GFLFLrSBcm0,HlFL2E2SFqY,
3005,33yIPTvURfk,4hrm5r7_RWk,
4844,MaNW4bPX0Iw,92NO5Qx3FsE,
1928,6LCErUfsBDY,E2RKl6nUImM,
4504,H75AFiLGd8Y,Bf8Tda6rmi4,
629,zAR57oHPy7I,L3hgWdYEA4I,
3972,QHw9qdYvLG8,WN7mdpRUTsA,
1976,HHRTzpS4q9M,u925g6CgKuw,
1211,uw4hGZ_mJok,1tsw3nKDlBE,
1163,vCwKgEFSsyI,pPzoTESHskY,
2273,njbPAt2-y_U,DYxWF-A2zq4,
724,2IbPn5j2YKk,C2631w7eQFI,
4998,-lR5v29E5JQ,m0-f6OmBCL0,
4931,aV3auLKQ3Dk,ktvTqknDobU,
1211,QTKI8DV8NsE,xFDIrwOUdrw,
1536,s8CszZUic4w,y1fihSpdEx8,
2619,H8W8iMqUjks,q_C20oV2s4o,
3972,lRR1kcAuE7Y,WN7mdpRUTsA,
3147,RTJ1SMwFFSg,8NZBljRfXjU,
1280,2GbxFIVQv8c,OkJvtIHMp9U,
3220,uGgzqxJtNrc,04po7YBBCvw,
667,CIVapv7wKUY,lJX-xDdOA_8,
1297,NoL_pKzy3Uk,I_izvAbhExY,
3016,y7TYZVMR1uY,v3Gjc4ZBIRg,
81,QUt2nMolBYA,QlUE0HLklkY,
1521,Vd-8SmjxnTA,xarSysw9xJs,
1944,8RKwo_fIdI0,h2mWpkRmqgw,
484,gSEvDdgSMxc,ZwBF3LgomsE,
3147,2T4rFcabSIQ,8NZBljRfXjU,
1241,zWd__w5UWVc,on6jGEsPiiA,
81,CRvdXztBldk,hdSuigNFZKI,
3792,0pbLPOrTSsI,gZoo8PSC4AM,
4931,bboYpFm4AyE,ktvTqknDobU,
838,vzjUs5yR68o,LJKgo5p4kJc,
3436,MveDLwDIZiI,SinNvC5t7ks,
5159,Msz3DpeiH_Q,c2fh4LiN2Ww,
724,pA4YLwH-oMY,VUunSZkaVgU,
63,y-HxA2vjse0,h3bk0rI53z0,
157,Q5xXfhOfduk,sRIhVNyh8k8,
1474,v7gDyoDEmMk,IXdNnw99-Ic,
3792,TxUp-Iwd_nc,QdcxG65szNU,
1280,CWZVE4oiDT8,xnpCyCdsjE8,
624,n8qZMFFDYa0,hFdZRsMIVFY,
667,23Wh32UZoCM,lAPhD2u1RWA,
2195,24AKYyNusvs,j7JF6tf7OSQ,
157,tz_NxOF7RB4,sRIhVNyh8k8,
1074,h9JArvEJ64M,Am38jAK38DU,
2858,-vNGv5uorZE,eqZ6o11a-8g,
3990,JwK4pOeJ-ik,C9iDBkJqxNg,
2156,GwwQBXXEUJA,CKLGzAce3bQ,
4998,KGz__X6KNbE,y8ehafZhgEk,
81,7hRgGhA55g4,hOKNau9pi24,
1385,HK08vXDsxrI,tdgn1N4ILxM,
3100,C0pMr2K4wlQ,FxwWAJEempQ,
484,5like5C_JEE,Tcm_LxkNdOk,
1680,hNSXY2HWZrk,lGf8r9txI3w,
21,s3rXgvnJqF4,sRdJQRIEslQ,
1385,BRw-0Wq8fQQ,fm_Ij1yMTj0,
487,ryH1tU6yqrY,azO4LUqOGes,
63,MpBvG4yLhzg,uhWb-Avb9Yc,
2286,jm_ZhHorM9o,r0e8Uve7cJU,
3016,6Cm8psE4L0k,R0HUOfpQI_g,
3100,9ZWB7hS108I,QoJP65nAMGA,
3913,G_ojht0eg1g,F6-W88HMqCk,
794,USiYjISBoEw,WL6LEnbK6Fs,
3828,E3fediKHwOk,qrO4YZeyl0I,
2195,4DWbr2GF24g,j7JF6tf7OSQ,
487,fQ4axWCBfJE,CTsF4K3fxcg,
3735,XA4nwzh3qaw,7RfGe6MvY84,
3909,syDuuU9QOEw,a6HtMqVRzQg,
2487,uTBPYFfrLSU,hF9Gr5waAJg,
369,U6Q11SmE58U,KRRZOo377Bw,
1211,VlZrIVKukck,1tsw3nKDlBE,
1297,diGQsf_uPFY,J8eBB8DLYDo,
1848,3pZz1E0sm9U,l3LFML_pxlY,
1521,5jlI4uzZGjU,xarSysw9xJs,
3521,7BdKV2bensE,8AT_Pbtyid0,
3558,WRe0cPm9qrU,z5fNGTb1sfY,
922,6i51PAiywrs,1njqleVTIds,
5395,XHrciKyF8vA,TJAfLE39ZZ8,
724,ujNeHIo7oTE,IxygThsQkvs,
1241,oCYmeysbOhM,m7K_TMUNGVo,
1393,AH0geUR9WTA,8o2MGRsatwQ,
369,p-l6CuKE7fo,kiYqPSDA9BQ,
63,HcMw-eg_e6Y,h3bk0rI53z0,
2215,6zohupn6C2M,SvlM67QT-4E,
3792,eH4uDlgczMo,w4oZXfrf18Y,
2618,9hLYAHQ3bfM,u0XxFRuyD_s,
3909,Q4p1aDvTz4I,9RTklYOj6Hk,
1332,LGctQMhU6Rs,JEzgW-6RrJ8,
3558,YJmwofDYOeo,W5Tc-o9SWcU,
3436,Mldx3a6ccJg,SinNvC5t7ks,
1474,JwYX52BP2Sk,K6mMmGIs53I,
1280,W-7_g8rKUMo,mpSjzbFU7KU,
96,TA6Lw6gcfBM,qWG2dsXV5HI,
1944,uhiamj_I7II,5hWILgE0ADs,
3558,cqvTwTUWMOA,VBmCJEehYtU,
58,qHU-Pau5T8w,DfXYIZ_pDcA,
484,5U1JdszesZo,1m7d4Lb0S3Y,
2858,NYAPirFtfRo,tydGDofzu6w,
4931,uN7HAxYu6uM,ktvTqknDobU,
667,XD2E0EmcSns,HWRB_Rr7DgQ,
1211,x8PjyDz3h2Q,rmHL9pS2xSw,
81,JGn23GPAEC0,jc6nMjX9pNU,
4148,i3trew_5gew,k4-XldJw1vw,
1205,7cSEvogdAK4,ERxTaENbRdY,
3016,5XJJ_DIyH1M,sTzHBRQ6v7M,
3558,gwlUMXyi9oM,nlcIKh6sBtc,
63,eM7VYE-Jiac,VfmFz9FmxVI,
624,mi0qVkGwmSw,1s1Sc_FeE4s,
4806,t42cjz3DbQE,KjE04XWfmj0,
3100,5RDNeCumWEU,4bcatxnIo2Y,
1397,qWYqrYnXsJo,ejjjne_Mua4,
484,IMOjAKx60JE,NZacSRcdN88,
3909,ZftDLTv4YKI,a6HtMqVRzQg,
526,kWxoHIb1c3Y,1lk-uTURSEc,
1385,eqAkjzqiC24,7J7nupeeI2M,
1976,2FY9_egkpVc,drsMyeXzLSo,
2487,58vlsy_kWP8,hF9Gr5waAJg,
484,qdbYFQPTt3s,CgOgJJ1PBro,
1536,bDnA_coA168,zcUx3I0k_Fw,
667,6xkBy1sv90Q,6qXxOSYZi7U,
922,P0DK-0fIKCw,1njqleVTIds,
1241,0zzPfZFqyX4,m7K_TMUNGVo,
96,jlv_yHI1puI,qWG2dsXV5HI,
1333,A-_pZHhFX2U,MY_euI5-gI8,
2215,NMPEA8Redac,98oOqXT1-yA,
3436,Yi1jyJ6udyo,4bAgETAkWm4,
1280,Y9MgMrzbdfA,P_px_Vgbok0,
624,R0b57zCmhG0,hFdZRsMIVFY,
348,fXNCQtggZt4,AKwtTPXVQsQ,
2195,3zeXBL6-DXo,dHtwZ07N1ic,
1332,d4CklgvZv6w,Y-z56yD6baY,
157,WmQdHC5l7yI,K1ZJgKhdZ9U,
1332,16bFBzx7I_0,Y-z56yD6baY,
1848,o_hkTXEqLEM,sQpUs1qNxMM,
3828,Bay6kNWJa1o,7yrnF_lkv7Y,
667,RiB3xtuCWz8,lJX-xDdOA_8,
794,H5h2HmsCppo,A8PcmOC07nw,
794,_sI-BCKfCtQ,rGTtqw8r_vQ,
4148,0KTEz3dF_AA,On7wzvhsuxs,
369,kRL0rKkRkk0,d-SMj2Im6c0,
5159,74o_Xvi9-9Y,c2fh4LiN2Ww,
1035,w6yjalXOrR4,5S8n1Xr_TjQ,
3792,dx4Dc0JACJw,w4oZXfrf18Y,
526,vphWgqbF-AM,1lk-uTURSEc,
4998,4imOuUN2FLE,jri0-EFKmbs,
5395,7SJdSDOuVr0,Btjdpj_Vr1s,
484,_b7d-mksauo,y2ZY-JXOIp8,
1211,X3FtZ2k9vJ4,zUwEIt9ez7M,
4998,BWv7B1EN3-o,VP87KQOxOFc,
3792,PPTIOXWklK8,WimY82SpGhY,
484,Xx1rulicikA,MODjzr1jG2U,
3558,j27yXqtdl30,qZuhOLQWkjc,
96,vstoXYAIpfU,0IagRZBvLtw,
3039,7f9Wk5tCiQQ,J-sqREDbDJY,
897,eh0b0ir3cVQ,oyiWQ3l66Nk,
2195,Bx65WKMUwLI,j7JF6tf7OSQ,
4148,PHu98VwPtds,t9ilBHkH9Io,
1944,yPY7SNsiMMk,h2mWpkRmqgw,
2858,MoLkabPK3YU,eqZ6o11a-8g,
5159,ARFyFSWIPB0,c2fh4LiN2Ww,
3558,fSuJfAhrGLo,kieGY9dXDyM,
3147,ddkwqNAyIV0,37lMbTuYcE4,
2215,L4ZkDCZCG6k,SvlM67QT-4E,
1205,_rEe42zgOOQ,HB3k4wAAAQU,
487,CTsF4K3fxcg,jJLFKlQufFs,
3016,Laibx2Q1djU,sTzHBRQ6v7M,
838,3hNlb2yY-xM,7eeLRXh-kB0,
1385,AnlcO3wSCm8,tdgn1N4ILxM,
4478,az0OvEx0dUg,j3IIPNIFF0E,
1332,ZmjqVc3YGys,iykanbBN1LQ,
484,qZ6Vhgl_EE0,REoCtGPIOjs,
2629,ZCidlOPPeXU,R8ksBmDTljI,
350,fzTDEgW9Ffw,LJ_MCYDh07s,
1385,xLIGzdAX-Zo,b0QHmsa26C0,
1385,gaYGfgZmmOQ,7J7nupeeI2M,
1035,jDnAUfukCEY,6pHNkOQCIzk,
1009,nLfV1NgdiO8,fJ9rUzIMcZQ,
3521,3yhLq0gBM0Y,EssN9RBsWnA,
3016,UORU35jWqn0,R0HUOfpQI_g,
1520,J2_EkAhWx18,_tqFmwYCJM4,
2195,ddObPJYSN0g,78qEBIKXJqQ,
2023,1BzrzNQjNbA,0ZlGal5yl1k,
1928,40M1Q8j44gs,E2RKl6nUImM,
4931,tUJA9i9HWTQ,ktvTqknDobU,
3218,kKEiN5vTk5Y,nmWQww7hfEM,
724,1TBACIZ3OI0,EvDKTDL0qm4,
2286,gK8da0mADZQ,H1b7e_1Jbn8,
4931,G4IgDChwN_g,P6qFCqOy3HU,
214,n_1XboN7UGg,HDeTEMNLcmc,
1241,B_rWOXWbVoE,m7K_TMUNGVo,
1280,_rKwuCcTpI0,fwDXZJfX6ls,
2858,YZR8RBXyXoE,FtdO6AFYc8I,
724,xSHyLolGraE,niTeb4SoE0A,
3828,AURIaHwf6xA,M8PAuvxCZuM,
3584,fG5oXUrvhp4,xLyFkShU2o8,
4931,PQapEDr084o,F3qqXqyaFsQ,
157,ts-MMdcCgik,tOkYMw5-ZMg,
4931,dU7GoCKSQfg,8pQBjaqTJA4,
724,lPsv73FUiPE,niTeb4SoE0A,
667,anpKt5DFBOU,lJX-xDdOA_8,
2195,UFCQrzkV43g,ccEO4xZQpCo,
487,yZGtyFpy0-s,jJLFKlQufFs,
1397,clYD3XWfK8A,Ds6pqwk07CI,
724,1zxr6QK1-8k,gfsLB9Dnv1A,
724,rp7dMLeSTT0,lfa7NjQx5fk,
21,dNMhFkc2eVc,gORyrU1xQpg,
3972,j5Mvhx33g5U,kY7RhOjnPuU,
2273,LVWo6TRv1G0,xb6LZJ68-9o,
794,FfCoTr4lZhQ,-FjofYzWEiA,
1004,0j9kaBqmx2Y,ZA8H_Mnfilw,
2286,QMwHVhphACU,r0e8Uve7cJU,
526,3zbc1zJEkVI,JEp7QrOBxyQ,
3100,Tkssde5Zk_8,QoJP65nAMGA,
81,SYV--MGfhvU,hdSuigNFZKI,
4806,gTt6fO1viY0,YiLYF775ba0,
1536,wXRY6dSWkNg,EbgzOm6FHxY,
1211,x8PjyDz3h2Q,inNXc4eqcWk,
3558,7h8j8J0zoJ0,z5fNGTb1sfY,
2619,EcyyKIarZAs,q_C20oV2s4o,
5159,8ESzZrrys18,jsni9t3_dHg,
1680,h5vh0MJAlD8,TlPDUPb3qcg,
3005,1z4d0ZqFlKw,LQM4XQuLOgg,
1205,Jz3SLurxCvw,ERxTaENbRdY,
667,7fCPDr9CiME,mCW0QmIodvU,
3100,mlKvWlu8DWU,4tDslyvh3g4,
2215,Atuk3nFthSs,98oOqXT1-yA,
667,McXRl7qz1N8,aMSgtlUA2Zs,
2286,FbaPaQmB6Sw,RriESjp6y8Y,
21,Q1Gv_rAdghY,jFNgBqg841M,
838,k1BneeJTDcU,7eeLRXh-kB0,
1280,5K04pyqS15w,fwDXZJfX6ls,
2858,x3IbH4wgWoI,zU5YgiXWB0I,
157,N2p__-LRBNc,K1ZJgKhdZ9U,
3005,YscoorAQ8gQ,yHNbOKKxO5g,
1521,36mot14hmlw,GJuwdcQlT1g,
4806,_GLnLUWwc7I,KjE04XWfmj0,
1210,NhsK5WExrnE,xNOZMufoYJ4,
3558,j7ujvOWWfpY,qZuhOLQWkjc,
484,ZTSh6Mvrq7w,hX36V01A-FY,
5159,kSZUrAMyMN0,jsni9t3_dHg,
214,5yGdK65Ww2U,oPGA_iaRk44,
1397,ln89QlU2A1A,qPseJvXVVfo,
724,ujNeHIo7oTE,A_fdMTa4ksA,
1333,6SFNW5F8K9Y,p0_JztO0sjI,
1474,yol2tkN3ddM,IXdNnw99-Ic,
3521,xY5rOwYTMuE,xL5spALs-eA,
2023,JdFT5NcPb9M,lfn0iS2tLZ0,
1848,GbUVRt06pxA,l3LFML_pxlY,
3780,AjJ1XELbzI0,JmENgrVOwgA,
3436,VY14zcUM9SI,SinNvC5t7ks,
667,u0FBU4Wk6Xo,1DBewzgXgYk,
369,qnRBLzZ4Y7s,d-SMj2Im6c0,
2286,NuaxY69zovA,RriESjp6y8Y,
4237,NuYtKozVfNM,zXt56MB-3vc,
157,AuIw5Oe7z1I,byd6klReNLQ,
2286,v2QoWA3Kbwo,H1b7e_1Jbn8,
63,eiuBel2gipg,0d9NHPSUDQA,
1211,xl3uTF-U_4I,xFDIrwOUdrw,
2917,RtF6udVOkpc,po9_BSa3Rsk,
1004,eLnKuFRjRck,h2YkdnrM3aw,
1004,eLnKuFRjRck,hTWKbfoikeg,
350,YAn0HdkaGT0,LxX5i6IioF0,
2487,Wu3xfIql2mE,9EB5a_08fpc,
2858,qPdn_Fq8BnE,DA8KR0Qo8R8,
1004,oHbvHTrxDlk,RM_xvTaYavw,
1241,KPdQvwp5_LU,T5UJFV8b42s,
3792,Gukzr0ResSQ,XsmCj1YNWH4,
3016,dkAa7R_o9WQ,sTzHBRQ6v7M,
2487,N25OZKxO30U,QKPGbEeuywc,
81,ml_7q2q5zbM,QlUE0HLklkY,
214,tzc110UPS1A,55XIdavZxCQ,
4931,5HwxrjEqTEg,hKDxvVom64c,
1297,qiKOif0UKRM,J8eBB8DLYDo,
4931,eHDnyB41Qk8,ui29buXl83g,
1280,C0FAlg9-amo,Fc2JTQZ_nfQ,
3792,t0-XmneHd9E,5GlF_GBuKto,
3005,NyN4UBrYeFY,P_95DOmt9Bc,
487,hff3RpEqMFM,9cHHEnJWui8,
526,u11gwIUs3P8,H-kA3UtBj4M,
214,RDfIbgWgN_0,_gZzkGvyqzc,
3100,ZedkueUsHE8,W1PNvopXjbg,
1536,2o6YXQtbAJM,UKUEFBY8qH0,
2195,fz1iqB4RvlE,WJggXSqO9fs,
1520,e7dzUg_aZ3g,BvA_3t0sbIY,
4478,kQ7xz_OJmgM,MeXCWM_gssY,
3558,iZ65Fj8cwyc,U9yslccmuzQ,
3828,dkzcySOdZbs,7yrnF_lkv7Y,
2618,pYVY0qrxeCk,oipMgVLFJxI,
369,GTHF0iyhu88,FZNUVBXAj6U,
96,lSbFBTw1DM4,S7PfDn0KhtI,
3558,JBpEF998mmc,ShVU-f-UInY,
5395,ixcJQ5lNXyg,QdUDFkuUrN8,
3909,5wEWZREPpkk,bwnGM_I2WPk,
2618,YZlEX-Qn7JE,u0XxFRuyD_s,
214,49uUSm36Sqs,fWo4pkYi_38,
2666,PLK16N13UvI,ogEHUwclTy0,
794,zfwnySrrvTc,WL6LEnbK6Fs,
157,yPu6iQMMWOQ,-Qhw2XpKR-A,
3558,xA1oDfWFHOk,VBmCJEehYtU,
81,IePyldczLH4,cagTBBJ-2pk,
1210,CKnmwGRHXcA,-LszhLDeOcQ,
63,Ry9honCV3qc,VfmFz9FmxVI,
667,QNn_RqfO-GI,O2Fu8kSlmTw,
2629,VcHZr8G_cM4,ginok11QPcs,
629,G6_Te2UbYo4,EBxk1Oq_ysE,
1333,xpRFAFXf1qU,p0_JztO0sjI,
526,9k5iEV1JaKY,1lk-uTURSEc,
4504,SVIuiYCMtGQ,GEzBuvHZAKM,
3436,KymiqOr5So4,k1aGviIa6Lw,
667,1NJGABF-d4M,aMSgtlUA2Zs,
3909,rNyvXV80pEY,h8jNOoiRhMs,
214,UtabjxkpuEs,_gZzkGvyqzc,
1332,3rWbdkbAe1A,V2vCr4rV9ik,
1333,py-LOdAWxjo,LVqs3McHlZw,
3100,bCXdOBehyA4,W1PNvopXjbg,
1333,TA4WfYHAmZk,iEuVH_16vRg,
4237,-AeRMrZCPGk,zXt56MB-3vc,
3558,cCHS_a9Urt8,IUMT0HXFoTc,
794,zY0axwhtCsY,WL6LEnbK6Fs,
4504,TOovLtl_YOE,T5Cp55MvX54,
3558,aXknLrX8iqk,IUMT0HXFoTc,
1332,RaOOYcqgVKA,V2vCr4rV9ik,
3100,YEq-nkv2uO4,4bcatxnIo2Y,
5159,TyOzUbeLtUE,jsni9t3_dHg,
3913,S0mPcd9fUNI,F6-W88HMqCk,
3100,FMZErkhjlCs,4tDslyvh3g4,
487,N7BQJFQoLoM,VlBbFO9n6xI,
348,gyToMNSkPsI,-nzna-QPmqM,
157,Xs1H4oh_UDI,-Qhw2XpKR-A,
667,tNWyPWjCB4w,gt0Ep-dcqG8,
3558,qGuLqe-NMKg,IUMT0HXFoTc,
96,ChzMAWX9YYE,0IagRZBvLtw,
3913,LQTrn3ZTl4k,3Q0T-k-_r9I,
2195,3wm4h63e58k,uHi9qvalUoI,
2618,2zmeatksiPE,YTR50ai5ndE,
1241,wDi5P5gnsR4,on6jGEsPiiA,
348,LIFE2lw6s18,k6_8c0CyK3c,
1928,u5ijdcVY7Z4,7PYJnaZ9UMg,
724,d9wCk00u4EU,A_fdMTa4ksA,
2195,ViB4k7c173U,WJggXSqO9fs,
2195,fkxtJDz7rUk,j7JF6tf7OSQ,
348,ZCiISlGNrQA,k6_8c0CyK3c,
2619,ZEmcuv2sMws,q_C20oV2s4o,
1004,QSYDRCPEPlk,ZA8H_Mnfilw,
2156,SZaCTlvy48Q,w_IXDSdoCpQ,
1297,VrvgXmN_irE,VrvgXmN_irE,
487,vL-Kaf3swSE,aiKFdR48pRA,
1297,fIB4B8iVOCw,-uO9GybEmFQ,
624,OvNXPkK7JY8,SdqMB1GEQAM,
1009,yRbq1jPMFtw,vI_dKmVya-Y,
3005,Fw_roSV6r0k,r-ojRGf8cek,
5159,WE6HRZ0Bnqk,c2fh4LiN2Ww,
3558,SoOKJbU6HVk,E9XQ2MdNgKY,
58,HdaKhCVxb34,uZx2t-Od_1g,
2618,1rfllHao3tM,u0XxFRuyD_s,
4931,pmzeghOwaz0,jskyqPEIiG4,
2215,KpM2Xx14Czw,SvlM67QT-4E,
81,GV628tQokQs,QlUE0HLklkY,
4478,4OQiqegOMjM,5a0r1yieyp4,
1521,JVLBuDTSkls,djV11Xbc914,
4237,67YhpFXKktQ,aq31to1DcAA,
4237,vTqbKB-orQk,3WYscVe0mcY,
3792,x9pMHIQtT8I,w4oZXfrf18Y,
2858,mW7rwHUY6EM,eqZ6o11a-8g,
724,E7lqYSD22jw,niTeb4SoE0A,
214,2K_Ao43xSIs,vf1nIxrTodg,
1280,dvQ-YBOWTcM,mpSjzbFU7KU,
4478,hFItlAdKr2w,j3IIPNIFF0E,
794,REs1NxH11-8,IB7bdq6WSLI,
1205,qJFpP-7N0TQ,ERxTaENbRdY,
2195,X-yIEMduRXk,lUjWJSnGVB0,
3220,OBYYSvb08EQ,04po7YBBCvw,
214,MYBbTMzrOys,oPGA_iaRk44,
3005,cEuQEyFkTaY,r-ojRGf8cek,
5326,0hh974VZjNs,4YTUiz0CAec,
4806,yo1ZQggLFrI,aWPi8PLo33o,
2156,poxQ1RNnM10,w_IXDSdoCpQ,
369,kRL0rKkRkk0,FI8d36w_ijw,
1521,litRLjW5vZw,djV11Xbc914,
350,NIp6y3-Q4Q8,nL1l0Fz5RlE,
1241,9i__bFHPMK4,pPF116tcSUM,
63,qVDgwxuhUSc,0d9NHPSUDQA,
2195,rtztlEtE2Yo,ccEO4xZQpCo,
484,GGYJfPHLjiA,ub8rPHBXd20,
3952,Xhvrm6pbzHE,bAZ-N0a9pYA,
3558,OS60FHWUZp4,U9yslccmuzQ,
3952,9MvCOX54M8Y,QlN2QoOyU2w,
724,bT851XYX2DY,C2631w7eQFI,
4931,OvNrW62Zg90,aE2GCa-_nyU,
81,lbqZsrCZb9M,svVeCQeCG98,
1520,8kgnp8e-kKo,P1Y_9mi63ps,
4478,bOXXBerDbdI,j3IIPNIFF0E,
1241,roPQ_M3yJTA,QB0gC7W2sNY,
2619,fKyb3UXLXJg,LOZuxwVk7TU,
1848,bEg7ow4OLO4,Tw4TXPjr1no,
1241,i95Nlb7kiPo,T5UJFV8b42s,
4504,r-laMS49iMA,5NV6Rdv1a3I,
794,w5FhfZvya3A,aRYokc3VBC4,
1004,eLnKuFRjRck,ZA8H_Mnfilw,
21,W6gTeE9IjhQ,sRdJQRIEslQ,
1474,TMy_mYkwl4M,K6mMmGIs53I,
1035,gl9dLbLaWTo,ngJnaMIVXnY,
1976,QFJf4LV1Cgo,_Wc-dh4coOU,
3913,RejQO0vALck,etCWfF4Kl3A,
1848,PhzUYtDNY7s,IANSd37ewPQ,
21,NjfjoDkPsgo,Hc-V4NTOn5s,
4931,KZdpgTSg-LA,RCWBxxEJiGc,
1521,a3ir9HC9vYg,mtJH2bMesfc,
157,beVDgpqiwB0,-Qhw2XpKR-A,
3016,DuV7TnTvObY,EhtS3610D-M,
4148,FKC8nCoa6PU,2vjPBrBU-TM,
1521,1oZXRyecJ_k,mtJH2bMesfc,
1474,5v4BRe_30HU,K6mMmGIs53I,
838,fApaOYQpZE8,LJKgo5p4kJc,
214,Tihti3RDZZg,cpD5695Kfis,
724,GVrsLzsRqok,C2631w7eQFI,
2215,K1SUCP2V4i4,1kXWmJLC3go,
1035,eKtl2ocrHOs,RNIhWE1NiRk,
2629,Vohgy4fhQLo,gFzHv53UVXI,
348,_922B7QCHx8,-nzna-QPmqM,
667,XuiktfNnu9s,2LXeH0xWBLY,
4931,raXPdeIV3W4,l7iUzUxQ2OQ,
3218,XS5Bac_wKu0,y8-m-W7mgjk,
487,oaXFc4Zb78s,VlBbFO9n6xI,
4931,W8r-tXRLazs,eUYy1JcTHBc,
1009,j440-D5JhjI,fJ9rUzIMcZQ,
63,Sv1dCQevNRg,0d9NHPSUDQA,
3952,ZGt9bAQtrP8,QlN2QoOyU2w,
487,qr8JI9bzS0I,VlBbFO9n6xI,
3436,G7ikyF58NEI,BTruv-lVoLk,
157,InZBrldYcvo,JxRHGMi7MnQ,
1332,TyIHv2NgbZc,0VfN6UmQlfI,
1976,CGrR-7_OBpA,47jiJBPYaU4,
2629,WcWA1LoeWU4,sOnqjkJTMaA,
1297,LALlWHHqxxg,-uO9GybEmFQ,
3558,8HpcYt6cMLs,VBmCJEehYtU,
484,wNfbR36G2MU,NZacSRcdN88,
1393,QNwCP2vg0mI,8o2MGRsatwQ,
2487,Yg14fb-xDY0,TRBNuTNWHso,
3780,xGcQev48cXU,JmENgrVOwgA,
3100,Zaz8PJoaC9o,4bcatxnIo2Y,
3792,CKCioG6npjY,w4oZXfrf18Y,
624,tDbCJFbnMXM,SdqMB1GEQAM,
4931,aej-LN7V1Ng,P6qFCqOy3HU,
4148,k0STXfevQ-M,t9ilBHkH9Io,
484,8P5nFNxND8g,GpI4czGRAf8,
624,YOHruEFa81A,hFdZRsMIVFY,
2487,BEpgv-dMhOc,9EB5a_08fpc,
3016,SuYXzgBHFR8,R0HUOfpQI_g,
3558,_e7UYTY96Xs,U9yslccmuzQ,
1280,VPImW7CHGp8,xnpCyCdsjE8,
1009,SJ2L-iOzPTI,Jl6oJTB4TpA,
3792,9YrloQAGQ5o,XsmCj1YNWH4,
2666,S3ekPNHpy9M,ogEHUwclTy0,
5395,y6r-pK_75Y8,QdUDFkuUrN8,
484,1W-shJFy7as,OsY-GQfH0mA,
157,qR02T6xohiA,-Qhw2XpKR-A,
369,w8r20hpXpbg,KRRZOo377Bw,
3828,4YOc20HfolU,M8PAuvxCZuM,
3436,7dP7jhnBdRo,BTruv-lVoLk,
2487,CB90UZa3lTQ,HdPeHTdrBYQ,
4806,Zk34vbpOSuQ,xMORbXArOc4,
3792,_7TdUTafjm8,XsmCj1YNWH4,
2273,LnzdDu1tVwI,DYxWF-A2zq4,
2215,hj7x4NuzCXA,JBWQqWxTNQk,
1297,TjaVq9R4UEo,J8eBB8DLYDo,
794,rD_G8kqxObs,6IKC8gEO0mw,
1280,iQ1Zcv9Ou_E,sGT5kHpmH78,
1521,DCkbfyk6XGc,GJuwdcQlT1g,
4504,uE3bRZft8OM,scZY7VNV-Go,
3913,e1bT1yva6vc,Jz3hXvj7HGA,
1280,amte0ibmoPg,-I5TNfYtUw0,
58,iCFJREe-x4c,Di5wQ0UwOKM,
1074,CX45pYvxDiA,Am38jAK38DU,
484,XOcY1pk83bA,hX36V01A-FY,
1009,4Y78wxKrI0o,rjYYACg8p3s,
3584,lZ0to0eupcQ,xLyFkShU2o8,
667,z9kKHnW_sf0,6qXxOSYZi7U,
838,Ss6l-3XYVj8,LJKgo5p4kJc,
1397,c2bc6vgRM6A,ejjjne_Mua4,
1848,B9z87viDmOo,l3LFML_pxlY,
1385,DNrODwbbaYc,fm_Ij1yMTj0,
1944,w0DfGREVhew,h2mWpkRmqgw,
2023,8iNnb934nhA,0ZlGal5yl1k,
3218,D1ryAnuSLvA,y8-m-W7mgjk,
2215,6YRJGuDZEBA,CgbT1u_DeTU,
2858,Z21AP0HTALc,tydGDofzu6w,
1280,mKB5WJZgC9I,P_px_Vgbok0,
3558,owx37I_SBiM,IUMT0HXFoTc,
3990,LZs1zbqJuaY,C9iDBkJqxNg,
3521,MmljreTAgYI,ITuOddPeYoc,
2195,RKB2NF-I94s,lUjWJSnGVB0,
1241,yFeFov4kPJo,on6jGEsPiiA,
2618,x4edjP0riUs,snILjFUkk_A,
2195,hOqJ960z6F0,WJggXSqO9fs,
214,N3Q6e1OyTvI,qXa1CR8f3W8,
5159,UrGw_cOgwa8,ZnQs5U30Zco,
3792,DRUu9uIhaHU,7pCu8r1Vzrc,
667,SjAk4PeRX9c,TfK6UIvrbuo,
4504,rLWSOvF3FSU,scZY7VNV-Go,
4951,w52ZuPttqxc,HG_vsGC1e6U,
1928,cynaElAn0K8,7PYJnaZ9UMg,
2487,-IO7f8J8cxs,QKPGbEeuywc,
369,7xLoc-WF7pc,SkOjrBwp3wA,
4931,6MS9V3RgjG8,ktvTqknDobU,
2629,yBYXKrBlveU,sOnqjkJTMaA,
1474,zZ5H2941RPg,MRhjKmS6k4c,
1332,ec-zvRU2Wik,Y-z56yD6baY,
1035,g1neUoMSnCc,RNIhWE1NiRk,
1211,31hAmqy6tAw,xFDIrwOUdrw,
3005,5SWsbDOHIw0,ED5sAFcHTSY,
3100,WokJfQHRNqo,W1PNvopXjbg,
3972,j4oF3jX4W2E,WN7mdpRUTsA,
2273,Q6g-cEBtjvM,ZRt9Sn6Jiuc,
5395,7eBbBttcyMI,pw6wQjrUI34,
4931,IeD_VvTFvac,eUYy1JcTHBc,
629,Z6MkeQB0_yE,FExGplxr6ik,
4931,Bom2zkFts9Y,aE2GCa-_nyU,
3436,EZJsf5t6WsI,GDABME6ts-I,
1280,eYsylCVZubY,sGT5kHpmH78,
1004,3AXjN1-7xR0,FklUAoZ6KxY,
1928,TsD_T9Jp0sA,aLJFyh0Ck98,
3016,Wj7CLSah9g8,R0HUOfpQI_g,
5159,IXrgdjSS0OM,XcATvu5f9vE,
1035,7kinZvvBX_s,IvchOyAuFkk,
3005,BwpLvk00Uuk,P_95DOmt9Bc,
1241,U7h17GPx_2s,pPF116tcSUM,
1385,LZAjNDqGtJQ,fm_Ij1yMTj0,
1004,hlOpHDghhVM,hTWKbfoikeg,
1035,_6nuFPRi8W4,9hSKBxHhS5E,
157,AJrl_yG1Emo,JxRHGMi7MnQ,
4998,reODSq-AdoI,m0-f6OmBCL0,
369,FgwRchJJIJg,VTTyAoQm4lc,
3780,LXmg-PmxBfI,JmENgrVOwgA,
1332,T4lM39IqFEU,bsRNCvHXHHU,
1205,RdaC0SlzPxg,rbOb6Z4bnEQ,
369,wCFFs3tgK9g,h7BzEdq7FQU,
4237,CNxnSufLdkk,3WYscVe0mcY,
1280,eYsylCVZubY,_3GDxDygUw0,
1009,gyLosL7m52k,fJ9rUzIMcZQ,
2195,uRYcbeeZlI4,dHtwZ07N1ic,
484,TDmidrIDB4o,Tcm_LxkNdOk,
3016,jhhQD5hq6Fc,7ScVsf8JZSY,
3005,ti45DJN4RWE,r-ojRGf8cek,
5159,VXGRN_l-kQo,c2fh4LiN2Ww,
2156,UA3HE3niOeA,CKLGzAce3bQ,
794,bqMCw5czkoA,sjNjv15pweQ,
922,GDWdjKE-esY,-0uJrr1iyUw,
629,rI_RvR01xrQ,mogsEYrHUvM,
3952,oRPpx6_UuYk,YsDPLL6KrmY,
1944,d_toVf_ZOok,1w7OgIMMRc4,
3218,F_HPSq3CBi8,y8-m-W7mgjk,
1976,3D0U7JzFAjM,_Wc-dh4coOU,
2487,U6gbZoSHlT4,hF9Gr5waAJg,
1163,9ZrBeF2QwyE,pPzoTESHskY,
3909,0lrYm7lQ0I0,bwnGM_I2WPk,
63,MFdM4cfcPGQ,h3IMZL7QDpo,
1928,5DxaUQwBXd4,2R5lcZFWEwg,
4237,yLCKOvnC7P8,xzhNRwsebfE,
2156,PNx4JXEk2dQ,CKLGzAce3bQ,
1211,uRCz3k4wRmU,KXo54Z2Rgxg,
2917,4HoW15z70-Y,po9_BSa3Rsk,
1009,N4gqM6y2eTM,vI_dKmVya-Y,
1521,Dz7JKYyBF78,mtJH2bMesfc,
3792,ZsZEvbPCvQY,QdcxG65szNU,
3913,CXmo00yheAQ,iqb2zGGvEsI,
667,pCoKiXN6uDM,O2Fu8kSlmTw,
157,JTMVOzPPtiw,wPzxlhTv_-s,
157,43adkvW896c,GoUKdLQ91Zc,
1280,-OoCkjhbfeU,UPWM8pKEK08,
1848,T8CL8d2pcow,Tw4TXPjr1no,
3147,HYeWV5Xrt0s,37lMbTuYcE4,
667,_9a9gxSbZrM,Ik15rdih79o,
3016,gpW37G0yEYc,v3Gjc4ZBIRg,
2619,Ta312rsTGbE,q_C20oV2s4o,
96,hdrNkB1xFzo,OvYZMqQffQE,
1004,rRETEqwfw5c,FklUAoZ6KxY,
4931,F26yWH6L1Zk,aE2GCa-_nyU,
1928,BE9CXWV1alg,Dle5XEVmwCk,
3828,6ywgDdiHLLc,W2EJai-3k2w,
1280,C-cFbcKCVJE,eWD2kdu0H54,
1944,tm2Jy64b0dI,5hWILgE0ADs,
1074,bb71dVf7qxM,Am38jAK38DU,
81,ebU27OARWb0,okF_Q56JoMc,
1009,vJeo1jxYMHU,rjYYACg8p3s,
3218,lzJ_fZy1BC8,y8-m-W7mgjk,
2629,iJMYXk0HgZc,ginok11QPcs,
5159,HCtDkpe89aY,c2fh4LiN2Ww,
3100,oimbcJCD8M0,W1PNvopXjbg,
1976,Ur1KURV2cdo,drsMyeXzLSo,
2273,RxX6qhGR-eI,7uQWLdcJFxg,
1280,3DHerMqz9i8,UkGXUn0Kuuw,
157,4EO87D4AM9k,9TBbiT1BbNU,
3521,tMdALhwuSJk,EssN9RBsWnA,
2629,WcWA1LoeWU4,gFzHv53UVXI,
2487,1ly-LiQg1g8,hF9Gr5waAJg,
1004,CxAXqHBLECM,FklUAoZ6KxY,
1397,udtWJ_xaOTs,ejjjne_Mua4,
81,-1kMzDvX_rc,j8VPmtyLqSY,
1241,W9JdBrAmbwI,m7K_TMUNGVo,
3558,vTooN93wuSw,QgD5p1XiVT0,
624,9dU1dZCM0fc,XqLTe8h0-jo,
4806,E1J_0Nr9DUg,dPfBmtTUaiw,
4806,qfYrHEOXODs,dPfBmtTUaiw,
58,BTuTt_v5aWs,0zezVBsfmBQ,
1393,PuQzo0oRfMI,8o2MGRsatwQ,
4931,gOsM-DYAEhY,aE2GCa-_nyU,
2195,ywGl7GQr4Lg,78qEBIKXJqQ,
667,OEHsLWCF4ww,iqadp948R7c,
1280,HXPwD7uopNM,_3GDxDygUw0,
2487,gABTZibOV2U,QKPGbEeuywc,
3100,Sef_ADhD4o8,4bcatxnIo2Y,
1280,JKfq8WoLdwE,hHrnx4C2_e8,
157,4rFB4nj_GRc,xEftAMMrlrk,
724,KTThL4pNtWc,A_fdMTa4ksA,
487,70rm31ClOiE,azO4LUqOGes,
1333,OwhX5yT_E4c,MY_euI5-gI8,
4931,DMy0F8weJVo,F3qqXqyaFsQ,
3913,F6-W88HMqCk,3Q0T-k-_r9I,
3558,T8KaP4s8WjI,QgD5p1XiVT0,
3584,dEHE2TCdCYU,nLRwwiY7Fk8,
922,pgsrc67MBOo,1njqleVTIds,
369,CPwu6ZCtoUQ,FI8d36w_ijw,
2917,_R9Y-RgEbNI,MNU4pHTina8,
2619,TjjtovhFMGI,LOZuxwVk7TU,
3584,sk4ml7LjOUM,XQxmAqWZ-jI,
3952,VxxLxxdpHF8,bAZ-N0a9pYA,
3952,HsVnUpl2IKQ,bAZ-N0a9pYA,
3218,dFSLwUklmRI,U7s-EH1Bmbk,
4478,uXdpSZS4z_w,MeXCWM_gssY,
3218,lmsV_OsHAw8,U7s-EH1Bmbk,
3005,ZOV8ybtAsFI,vGD8aQ2GKr0,
667,QTs2wyca8OU,gt0Ep-dcqG8,
4148,WdQjMGUL99I,k4-XldJw1vw,
3792,CKCioG6npjY,WimY82SpGhY,
667,herhzqLBwdY,1DBewzgXgYk,
4237,QqygCDN36EM,zXt56MB-3vc,
1944,62-wccu-UDU,1w7OgIMMRc4,
2447,R1mCnnvmD_o,z4KBGn2r0yY,
1241,ovttoyrgLOg,on6jGEsPiiA,
667,BQpMSvHJvik,O2Fu8kSlmTw,
724,AaKO-bTT4wM,aPRwZ4Q6_BQ,
1074,As03tlODkdw,jS_fStGT4cM,
3828,QGKU3UxYdyI,maBDUEPla20,
1333,SnTpwt6nd4I,OUgIUzr2QiU,
5395,IjqVGOXN10o,rpzREN3CRi4,
667,bHsYW9ehEYc,Roo3ZrpRJLM,
487,7J1EhyYjyH0,aiKFdR48pRA,
4806,HL-C0ahGWPk,dPfBmtTUaiw,
1928,c277UL4iAC0,E2RKl6nUImM,
1848,T5mz8ilmE7s,sQpUs1qNxMM,
3558,aHlGijWZEoI,Wf8EgOStUXI,
3792,8YQFHCsgKz0,XsmCj1YNWH4,
4237,w019MzRosmk,Ysxw7EON5xc,
214,JP-4kydOP7U,55XIdavZxCQ,
4844,bsav1Q2N6PA,roqqACI1ABY,
4237,4bmr2F937Sw,z6xyrv-rpfk,
794,YlGKvacZ4vw,-FjofYzWEiA,
96,R-hNoCPBaOw,r3Lh8yRIfSw,
369,ANl3abjpHeM,h7BzEdq7FQU,
350,6dKdxvFH51k,LxX5i6IioF0,
526,rWN8-iY3Fts,H-kA3UtBj4M,
724,VJDJs9dumZI,C2631w7eQFI,
81,bvJFlw1pEFM,P6tNV3DyaFU,
214,Iuv6hY6zsd0,fWo4pkYi_38,
2286,KRy7iAiN7AI,s__rX_WL100,
724,aYLTO_n5DkQ,aPRwZ4Q6_BQ,
2487,E_pp_QBCaik,TRBNuTNWHso,
2619,wsuTsaYlGmE,ZILsHowUjpQ,
1474,KVK60WaEigQ,MRhjKmS6k4c,
1074,jxyIylJKxR0,Am38jAK38DU,
5395,UaY1VXZAxBI,TJAfLE39ZZ8,
794,T3_cgE8HzKo,WL6LEnbK6Fs,
3436,M8egp3Rt8y8,91Hp0wR1LY4,
3792,u4EQWMtGWU4,w4oZXfrf18Y,
1004,FkhWzp1hNBY,FklUAoZ6KxY,
4931,k3zimSRKqNw,aE2GCa-_nyU,
1035,IjTaPrL9t1w,5S8n1Xr_TjQ,
1976,Ur1KURV2cdo,u925g6CgKuw,
58,NOojy_d2PeA,uZx2t-Od_1g,
1333,iaE4s3m8UOQ,OUgIUzr2QiU,
3484,6KIesnnpMzo,LxU0_0mfnMg,
1211,kD2_J8lKx84,NEjV2-MPBDE,
526,ezm0zGCwZjE,H-kA3UtBj4M,
5395,3LuTHKvQss4,TJAfLE39ZZ8,
2858,4exhkYoS2s8,i8ye4KmU09Q,
2447,qCDQ8a9c1gk,Ar30KyQFnIc,
3913,Jlm2bbd9UhA,iqb2zGGvEsI,
2447,bcalfpzufGI,y_e-xRPx9ZA,
5159,v9VxLV3792Y,XcATvu5f9vE,
1520,GrZmeHpu4e4,flla9hkjvdc,
724,tOnv1lUyyaM,gfsLB9Dnv1A,
21,pYXJy5O9j2I,jFNgBqg841M,
724,_saxcFHHN80,lfa7NjQx5fk,
3952,9YADLsz367Q,Xl91P2BCjks,
1241,A-t3a8Wg7c4,pPF116tcSUM,
1944,Ats8tUl7p3I,5hWILgE0ADs,
3521,VvbTswyaMDs,beTsDOBRs8I,
3005,iqpDoI40WxE,KcPIADinmiA,
3913,tD3EhqG25Ds,3Q0T-k-_r9I,
348,A42B-8ANP3Y,AKwtTPXVQsQ,
1680,Ra2Qndv_xeE,T9MHIUcP9ho,
667,XEl954xrDlc,Ik15rdih79o,
2195,Rm34Pd38PiE,WJggXSqO9fs,
4237,7cfqMKQFxJc,6KmbL-_7Ez4,
4237,ocFV9CW1MYs,zXt56MB-3vc,
3016,WML-A_WMHpU,EhtS3610D-M,
3100,lOTmYcxCxjU,FxwWAJEempQ,
1520,ukap7UvqL1c,IgxDuav133g,
2447,IJT0QGI_NqE,wpFo_E9Fq2k,
3792,pYAeVSlBrVU,5GlF_GBuKto,
3436,frZWxGKeCXM,SinNvC5t7ks,
214,NBtlCe_r_08,fWo4pkYi_38,
1976,w77w6zceTAo,_Wc-dh4coOU,
81,5PNWM_veYt8,LG1EnoR3LB0,
3521,8dG1w4-arTU,EssN9RBsWnA,
3780,lFlWNr8g6gQ,0QXMy4n8vwk,
487,DhBQhLWCDCA,aiKFdR48pRA,
794,RBVGa5D6GDY,6IKC8gEO0mw,
794,WXiyAu6MM10,FWCxAElOSxM,
4806,W3m_AFQTZGI,YiLYF775ba0,
4806,m1rxMBA4w18,xMORbXArOc4,
484,8c8-8IJPokQ,K05lkpoj1FE,
1241,9k5iEV1JaKY,T5UJFV8b42s,
214,0u-Ly1viLN0,fWo4pkYi_38,
4951,5OZ81UY5T0U,HG_vsGC1e6U,
3735,BW0k5xX39d0,7RfGe6MvY84,
667,mHmISOpNegM,6qXxOSYZi7U,
2487,dLp6N3PadD4,_ada2IB5Iz0,
4478,kHqHDlRp-ds,j3IIPNIFF0E,
4951,WaZ9muSaSqk,2wmmKgB8NFE,
1928,GT9N4f9pFbg,7PYJnaZ9UMg,
1521,G4k3Yfv-FWc,QHpU0ZfXZ_g,
526,gs89kORoUY0,1lk-uTURSEc,
3909,Q6p_oXzBccE,MIUkUGYJW-Q,
3909,UPyxcGxaflw,h8jNOoiRhMs,
2023,3pP8lrN2P44,lfn0iS2tLZ0,
214,K2aJqXIfH7Q,hplHK9i0hdw,
2195,MyFQRZ8NW7Y,s4vx41qe_0Q,
629,BZSR5jnF_F0,mogsEYrHUvM,
21,fyLeC38Jgho,RjpzTys0s9g,
63,5_t0Cps5sOo,0d9NHPSUDQA,
624,h8iNuxRpi8I,1pYOGIDSRe4,
5159,DORjfbxG3xY,XcATvu5f9vE,
629,PDHNx4uqhHM,U8CcMge_tN8,
1280,tZfvdqwtkWI,sGT5kHpmH78,
3521,C0dqlNdmDyo,beTsDOBRs8I,
526,kzETWOsIbOQ,JEp7QrOBxyQ,
526,PXzHmCLCiTY,1lk-uTURSEc,
3828,5cMfpfnMzHs,maBDUEPla20,
1385,cCcpnSIPWFM,fm_Ij1yMTj0,
667,26L0nvxcUFQ,Ik15rdih79o,
3218,jMuv7OY4_1E,EkAF3Gr4fqI,
369,MtuqQ17AIcc,Mb3iPP-tHdA,
487,IeDMnyQzS88,azO4LUqOGes,
1004,ltSk8fdQbrY,ZA8H_Mnfilw,
3521,idA-q50V9Ds,ITuOddPeYoc,
1521,7Pmkism1nOI,SeIooshOHsg,
897,y6Z8WM2qq0A,oyiWQ3l66Nk,
487,D07_FLHGQtQ,VlBbFO9n6xI,
3558,iod238JQ_6U,VBmCJEehYtU,
1205,vUh2VEvaPHU,UdFDs_aEoJw,
667,C7Ytv09tvPg,TfK6UIvrbuo,
1241,OFtNChII78k,on6jGEsPiiA,
667,oEp3RNg3UPU,mCW0QmIodvU,
96,7h8J48UXoBc,We7pOlWeFDA,
3147,kKcY9949h_U,37lMbTuYcE4,
487,fQ4axWCBfJE,jJLFKlQufFs,
1009,jreWncAeZfc,rptV6K7nqu0,
350,iv_gXt1cCI8,Gpqz3cdVPLM,
63,SywR_4xnHD0,uhWb-Avb9Yc,
1944,ZpSiGR7ga0c,5hWILgE0ADs,
1074,nwgbfriHWt8,Am38jAK38DU,
4478,A67GMNfy0MU,j3IIPNIFF0E,
1474,6QXG-9CjYeQ,3j8mr-gcgoI,
3913,QE0aEAoZ9sQ,Jz3hXvj7HGA,
1297,k0Lbgkteqkg,NxmFohOvuYA,
1848,xNUyTVWZUZU,IANSd37ewPQ,
3972,H3SeUjLHyxw,WN7mdpRUTsA,
1211,-ZzaNcCfMfw,6XMcFq4DGao,
3735,w6VpznmUoaM,GJ_2KXRhtWI,
1241,t0O07bhSdJE,qwf6HOuh38o,
922,Gwf5nZaZsL4,1njqleVTIds,
2195,mAxOhsrQRSs,dHtwZ07N1ic,
157,h_vG2YkWbKE,K1ZJgKhdZ9U,
667,WW9G_9nZlSM,iqadp948R7c,
3436,OR4V4DKtYec,k1aGviIa6Lw,
96,qWG2dsXV5HI,r3Lh8yRIfSw,
1163,UOIn8QPt33A,pPzoTESHskY,
1280,SOJXY9j9aRU,sGT5kHpmH78,
1035,0SdkxOl39dA,vWfNvJ6TTjs,
369,Eg7yjjS5yWY,VTTyAoQm4lc,
4504,uParMH8WhqQ,YcLekCle120,
1205,sgBH36MRXNI,CVeD-xwJh-k,
214,4NDHXxfeoWw,oPGA_iaRk44,
3558,o2-_Zet_Lxw,E9XQ2MdNgKY,
4148,Wbd4z_DpKAM,k4-XldJw1vw,
1297,PLDO2Zt606U,J8eBB8DLYDo,
1333,YS2X3W2NYbc,LVqs3McHlZw,
4806,BI0nCZbm-jk,KjE04XWfmj0,
21,2OX2nelvhIE,RjpzTys0s9g,
81,aU92zErdxEk,LG1EnoR3LB0,
4931,6uRYHK7_NAc,aE2GCa-_nyU,
484,TPc3h7qOHf4,CgOgJJ1PBro,
667,YcFFp3T_5Ac,TfK6UIvrbuo,
1944,ZphF6Ge_vd8,6dqVDQ-lF4Q,
3913,8RDMeCh29-M,Jz3hXvj7HGA,
794,r0xI-lZHfKw,aRYokc3VBC4,
897,mdw-wx7fFjQ,I3Ay4-zGlB0,
157,_qPQ0qqATxU,kPi-MOxR0l4,
3005,CBS90Dm0wKM,yHNbOKKxO5g,
3558,IZaA2RfFLKU,kieGY9dXDyM,
3558,gsz_IRd80OM,IUMT0HXFoTc,
3521,RPGCgIv35VY,xL5spALs-eA,
3792,MblOSeQmPN8,5GlF_GBuKto,
1536,MY3AH14R3mw,UKUEFBY8qH0,
